{
    "libraries": {
        "terplan-layer-library-v2": {
            "AdmBorder_Multiline": {
                "codename": "AdmBorder",
                "fullname": "Границы единиц административно-территориального деления Российской Федерации",
                "geometry": "linestring"
            },

            "AdmeRF_Multipolygon": {
                "codename": "AdmeRF",
                "fullname": "Территория Российской Федерации",
                "geometry": "polygon"
            },

            "AdmeSRF_Multipolygon": {
                "codename": "AdmeSRF",
                "fullname": "Территория субъекта Российской Федерации",
                "geometry": "polygon"
            },

            "AdmeMO_Multipolygon": {
                "codename": "AdmeMO",
                "fullname": "Территория муниципального образования",
                "geometry": "polygon"
            },

            "AdmeNP_Multipolygon": {
                "codename": "AdmeNP",
                "fullname": "Территория населенного пункта",
                "geometry": "polygon"
            },

            "Education_Multipoint": {
                "codename": "Education",
                "fullname": "Объекты образования и науки",
                "geometry": "point"
            },

            "Culture_Multipoint": {
                "codename": "Culture",
                "fullname": "Объекты культуры и искусства",
                "geometry": "point"
            },

            "Sport_Multipoint": {
                "codename": "Sport",
                "fullname": "Объекты физической культуры и массового спорта",
                "geometry": "point"
            },

            "Health_Multipoint": {
                "codename": "Health",
                "fullname": "Объекты здравоохранения",
                "geometry": "point"
            },

            "Social_Multipoint": {
                "codename": "Social",
                "fullname": "Объекты социального обслуживания",
                "geometry": "point"
            },

            "Recreation_Multipoint": {
                "codename": "Recreation",
                "fullname": "Объекты отдыха и туризма",
                "geometry": "point"
            },

            "Resort_Multipoint": {
                "codename": "Resort",
                "fullname": "Объекты санаторно-курортного назначения",
                "geometry": "point"
            },

            "AuthorityService_Multipoint": {
                "codename": "AuthorityService",
                "fullname": "Прочие объекты обслуживания",
                "geometry": "point"
            },

            "Public_Multipoint": {
                "codename": "Public",
                "fullname": "Общественные пространства, объекты благоустройства и озеленения",
                "geometry": "point"
            },

            "Manufacturing_Multipoint": {
                "codename": "Manufacturing",
                "fullname": "Предприятия и объекты добывающей и обрабатывающей промышленности",
                "geometry": "point"
            },

            "Agriculture_Multipoint": {
                "codename": "Agriculture",
                "fullname": "Предприятия и объекты сельского и лесного хозяйства, рыболовства и рыбоводства",
                "geometry": "point"
            },

            "ServiceFacility_Multipoint": {
                "codename": "ServiceFacility",
                "fullname": "Прочие объекты, связанные с производственной деятельностью",
                "geometry": "point"
            },

            "WasteFacility_Multipoint": {
                "codename": "WasteFacility",
                "fullname": "Объекты утилизации, обезвреживания, размещения отходов производства и потребления",
                "geometry": "point"
            },

            "RailwayLine_Multiline": {
                "codename": "RailwayLine",
                "fullname": "Железнодорожные линии",
                "geometry": "linestring"
            },

            "RailwayFacility_Multipoint": {
                "codename": "RailwayFacility",
                "fullname": "Объекты железнодорожного транспорта",
                "geometry": "point"
            },

            "Road_Multiline": {
                "codename": "Road",
                "fullname": "Автомобильные дороги",
                "geometry": "linestring"
            },

            "Street_Multiline": {
                "codename": "Street",
                "fullname": "Улично-дорожная сеть городского населенного пункта",
                "geometry": "linestring"
            },

            "StreetV_Multiline": {
                "codename": "StreetV",
                "fullname": "Улично-дорожная сеть сельского населенного пункта",
                "geometry": "linestring"
            },

            "TranspLogisticObj_Multipoint": {
                "codename": "TranspLogisticObj",
                "fullname": "Комплексные объекты транспортной инфраструктуры",
                "geometry": "point"
            },

            "PublicTransportObj_Multipoint": {
                "codename": "PublicTransportObj",
                "fullname": "Объекты автомобильного пассажирского транспорта",
                "geometry": "point"
            },

            "PublicTransportService_Multipoint": {
                "codename": "PublicTransportService",
                "fullname": "Объекты хранения и обслуживания общественного пассажирского транспорта",
                "geometry": "point"
            },

            "AutoService_Multipoint": {
                "codename": "AutoService",
                "fullname": "Объекты обслуживания и хранения автомобильного транспорта",
                "geometry": "point"
            },

            "PublicTransportLine_Multiline": {
                "codename": "PublicTransportLine",
                "fullname": "Линии общественного пассажирского транспорта",
                "geometry": "linestring"
            },

            "PublicTransportStops_Multipoint": {
                "codename": "PublicTransportStops",
                "fullname": "Остановочные пункты общественного пассажирского транспорта",
                "geometry": "point"
            },

            "AirTransportObj_Multipoint": {
                "codename": "AirTransportObj",
                "fullname": "Объекты воздушного транспорта",
                "geometry": "point"
            },

            "WaterTransportObj_Multipoint": {
                "codename": "WaterTransportObj",
                "fullname": "Объекты водного транспорта",
                "geometry": "point"
            },

            "WaterWays_Multiline": {
                "codename": "WaterWays",
                "fullname": "Водные пути",
                "geometry": "linestring"
            },

            "CustomControl_Multipoint": {
                "codename": "CustomControl",
                "fullname": "Пункт пропуска через Государственную границу",
                "geometry": "point"
            },

            "TransportObj_Multipoint": {
                "codename": "TransportObj",
                "fullname": "Искусственные дорожные сооружения",
                "geometry": "point"
            },

            "ElectricPowerStation_Multipoint": {
                "codename": "ElectricPowerStation",
                "fullname": "Электростанции",
                "geometry": "point"
            },

            "ElectricTransformer_Multipoint": {
                "codename": "ElectricTransformer",
                "fullname": "Электрические подстанции",
                "geometry": "point"
            },

            "ElectricLine_Multiline": {
                "codename": "ElectricLine",
                "fullname": "Линии электропередачи (ЛЭП)",
                "geometry": "linestring"
            },

            "Pipeline_Multiline": {
                "codename": "Pipeline",
                "fullname": "Магистральные трубопроводы",
                "geometry": "linestring"
            },

            "GasFacility_Multipoint": {
                "codename": "GasFacility",
                "fullname": "Объекты добычи и транспортировки газа",
                "geometry": "point"
            },

            "GasPipeline_Multiline": {
                "codename": "GasPipeline",
                "fullname": "Распределительные трубопроводы для транспортировки газа",
                "geometry": "linestring"
            },

            "OilFacility_Multipoint": {
                "codename": "OilFacility",
                "fullname": "Объекты добычи, перекачки, учета и хранения жидких углеводородов",
                "geometry": "point"
            },

            "OilPipeline_Multiline": {
                "codename": "OilPipeline",
                "fullname": "Трубопроводы жидких углеводородов",
                "geometry": "linestring"
            },

            "ThermalFacility_Multipoint": {
                "codename": "ThermalFacility",
                "fullname": "Объекты теплоснабжения",
                "geometry": "point"
            },

            "ThermalPipeline_Multiline": {
                "codename": "ThermalPipeline",
                "fullname": "Сети теплоснабжения",
                "geometry": "linestring"
            },

            "WaterFacility_Multipoint": {
                "codename": "WaterFacility",
                "fullname": "Объекты водоснабжения",
                "geometry": "point"
            },

            "WaterPipeline_Multiline": {
                "codename": "WaterPipeline",
                "fullname": "Сети водоснабжения",
                "geometry": "linestring"
            },

            "SewerFacility_Multipoint": {
                "codename": "SewerFacility",
                "fullname": "Объекты водоотведения",
                "geometry": "point"
            },

            "SewerPipeline_Multiline": {
                "codename": "SewerPipeline",
                "fullname": "Сети водоотведения",
                "geometry": "linestring"
            },

            "TelecomFacility_Multipoint": {
                "codename": "TelecomFacility",
                "fullname": "Объекты связи",
                "geometry": "point"
            },

            "TelecomNetworkLine_Multiline": {
                "codename": "TelecomNetworkLine",
                "fullname": "Сети электросвязи",
                "geometry": "linestring"
            },

            "HydraulicStructures_Multipoint": {
                "codename": "HydraulicStructures",
                "fullname": "Гидротехнические сооружения (точечный)",
                "geometry": "point"
            },

            "HydraulicStructures_Multiline": {
                "codename": "HydraulicStructures",
                "fullname": "Гидротехнические сооружения (линейный)",
                "geometry": "linestring"
            },

            "EngProtectionObj_Multipoint": {
                "codename": "EngProtectionObj",
                "fullname": "Объекты инженерной защиты от опасных геологических процессов (точечный)",
                "geometry": "point"
            },

            "EngProtectionObj_Multiline": {
                "codename": "EngProtectionObj",
                "fullname": "Объекты инженерной защиты от опасных геологических процессов (линейный)",
                "geometry": "linestring"
            },

            "Prison_Multipoint": {
                "codename": "Prison",
                "fullname": "Объекты ФСИН России",
                "geometry": "point"
            },

            "EmergencyProtectionObj_Multipoint": {
                "codename": "EmergencyProtectionObj",
                "fullname": "Объекты единой государственной системы предупреждения и ликвидации ЧС",
                "geometry": "point"
            },

            "Cemetery_Multipoint": {
                "codename": "Cemetery",
                "fullname": "Места погребения",
                "geometry": "point"
            },

            "EnvMonitoring_Multipoint": {
                "codename": "EnvMonitoring",
                "fullname": "Объекты государственной системы наблюдений за состоянием окружающей среды",
                "geometry": "point"
            },

            "WildlifeProtection_Multipoint": {
                "codename": "WildlifeProtection",
                "fullname": "Объекты охраны животного мира",
                "geometry": "point"
            },

            "OtherObject_Multipoint": {
                "codename": "OtherObject",
                "fullname": "Иные объекты федерального, регионального, местного значения",
                "geometry": "point"
            },

            "SanitaryProtectionZone_Multipolygon": {
                "codename": "SanitaryProtectionZone",
                "fullname": "Санитарно-защитная зона",
                "geometry": "polygon"
            },

            "TranspSanitaryGapZone_Multipolygon": {
                "codename": "TranspSanitaryGapZone",
                "fullname": "Санитарный разрыв (санитарная полоса отчуждения) транспортных коммуникаций",
                "geometry": "polygon"
            },

            "EngSanitaryGapZone_Multipolygon": {
                "codename": "EngSanitaryGapZone",
                "fullname": "Санитарный разрыв (санитарная полоса отчуждения) инженерных коммуникаций",
                "geometry": "polygon"
            },

            "TranspProtectionZone_Multipolygon": {
                "codename": "TranspProtectionZone",
                "fullname": "Охранная зона транспортных коммуникаций",
                "geometry": "polygon"
            },

            "EngProtectionZone_Multipolygon": {
                "codename": "EngProtectionZone",
                "fullname": "Охранная зона инженерных коммуникаций",
                "geometry": "polygon"
            },

            "NatureProtectionZone_Multipolygon": {
                "codename": "NatureProtectionZone",
                "fullname": "Охранная зона особо охраняемых природных территорий",
                "geometry": "polygon"
            },

            "OtherProtectionZone_Multipolygon": {
                "codename": "OtherProtectionZone",
                "fullname": "Охранная зона иного назначения",
                "geometry": "polygon"
            },

            "DrinkWaterProtectionZone_Multipolygon": {
                "codename": "DrinkWaterProtectionZone",
                "fullname": "Зоны санитарной охраны источников питьевого и хозяйственно-бытового водоснабжения",
                "geometry": "polygon"
            },

            "ResortProtectionZone_Multipolygon": {
                "codename": "ResortProtectionZone",
                "fullname": "Зоны округов санитарной (горно-санитарной) охраны",
                "geometry": "polygon"
            },

            "HeritageProtectionZone_Multipolygon": {
                "codename": "HeritageProtectionZone",
                "fullname": "Зоны охраны объектов культурного наследия народов РФ",
                "geometry": "polygon"
            },

            "WaterProtectionZone_Multipolygon": {
                "codename": "WaterProtectionZone",
                "fullname": "Водоохранные зоны",
                "geometry": "polygon"
            },

            "CoastalProtectionZone_Multipolygon": {
                "codename": "CoastalProtectionZone",
                "fullname": "Прибрежные защитные полосы",
                "geometry": "polygon"
            },

            "Foreshore_Multipolygon": {
                "codename": "Foreshore",
                "fullname": "Береговые полосы",
                "geometry": "polygon"
            },

            "FloodArea_Multipolygon": {
                "codename": "FloodArea",
                "fullname": "Зоны затопления и подтопления",
                "geometry": "polygon"
            },

            "FishProtectionZone_Multipolygon": {
                "codename": "FishProtectionZone",
                "fullname": "Рыбоохранная и рыбохозяйственная заповедная зоны",
                "geometry": "polygon"
            },

            "ProtectionZone_Multipolygon": {
                "codename": "ProtectionZone",
                "fullname": "Зоны охраняемых объектов",
                "geometry": "polygon"
            },

            "OtherZone_Multipolygon": {
                "codename": "OtherZone",
                "fullname": "Иные зоны с особыми условиями использования",
                "geometry": "polygon"
            },

            "Heritage_Multipoint": {
                "codename": "Heritage",
                "fullname": "Объекты культурного наследия (ОКН)",
                "geometry": "point"
            },

            "HeritageArea_Multipolygon": {
                "codename": "HeritageArea",
                "fullname": "Границы территорий объектов культурного наследия",
                "geometry": "polygon"
            },

            "HistoricSettlement_Multipolygon": {
                "codename": "HistoricSettlement",
                "fullname": "Границы территории исторического поселения",
                "geometry": "polygon"
            },

            "NatureProtectArea_Multipoint": {
                "codename": "NatureProtectArea",
                "fullname": "Особо охраняемые природные территории (точечный)",
                "geometry": "point"
            },

            "NatureProtectArea_Multipolygon": {
                "codename": "NatureProtectArea",
                "fullname": "Особо охраняемые природные территории (площадной)",
                "geometry": "polygon"
            },

            "NaturalRiskZone_Multipoint": {
                "codename": "NaturalRiskZone",
                "fullname": "Территории, подверженные риску возникновения ЧС природного характера (точечный)",
                "geometry": "point"
            },

            "NaturalRiskZone_Multipolygon": {
                "codename": "NaturalRiskZone",
                "fullname": "Территории, подверженные риску возникновения ЧС природного характера (площадной)",
                "geometry": "polygon"
            },

            "TechnoRiskArea_Multipoint": {
                "codename": "TechnoRiskArea",
                "fullname": "Территории, подверженные риску возникновения ЧС техногенного характера (точечный)",
                "geometry": "point"
            },

            "TechnoRiskArea_Multipolygon": {
                "codename": "TechnoRiskArea",
                "fullname": "Территории, подверженные риску возникновения ЧС техногенного характера (площадной)",
                "geometry": "polygon"
            },

            "HazardArea_Multipolygon": {
                "codename": "HazardArea",
                "fullname": "Зона экстренного оповещения",
                "geometry": "polygon"
            },

            "SpecialEconomicArea_Multipolygon": {
                "codename": "SpecialEconomicArea",
                "fullname": "Особые экономические зоны",
                "geometry": "polygon"
            },

            "MineralArea_Multipolygon": {
                "codename": "MineralArea",
                "fullname": "Участки недр, предоставленных для добычи полезных ископаемых",
                "geometry": "polygon"
            },

            "MineralDep_Multipoint": {
                "codename": "MineralDep",
                "fullname": "Месторождения и проявления полезных ископаемых (точечный)",
                "geometry": "point"
            },

            "MineralDep_Multipolygon": {
                "codename": "MineralDep",
                "fullname": "Месторождения и проявления полезных ископаемых (площадной)",
                "geometry": "polygon"
            },

            "FunctionalZone_Multipolygon": {
                "codename": "FunctionalZone",
                "fullname": "Функциональные зоны",
                "geometry": "polygon"
            },

            "LandUse_Multipolygon": {
                "codename": "LandUse",
                "fullname": "Земли по категориям",
                "geometry": "polygon"
            },

            "ResortArea_Multipoint": {
                "codename": "ResortArea",
                "fullname": "Лечебно-оздоровительные местности и курорты (точечный)",
                "geometry": "point"
            },

            "ResortArea_Multipolygon": {
                "codename": "ResortArea",
                "fullname": "Лечебно-оздоровительные местности и курорты (площадной)",
                "geometry": "polygon"
            },

            "TraditionalArea_Multipolygon": {
                "codename": "TraditionalArea",
                "fullname": "Территории традиционного природопользования коренных малочисленных народов",
                "geometry": "polygon"
            },

            "InvestmentZone_Multipolygon": {
                "codename": "InvestmentZone",
                "fullname": "Территории и зоны, на которых устанавливается особый юридический статус",
                "geometry": "polygon"
            },

            "AreaBaseDevelopment_Multipolygon": {
                "codename": "AreaBaseDevelopment",
                "fullname": "Комплексное развитие территорий",
                "geometry": "polygon"
            },

            "GreeneryPlanting_Multipolygon": {
                "codename": "GreeneryPlanting",
                "fullname": "Территории зеленого фонда городских и сельских поселений",
                "geometry": "polygon"
            },

            "ForestPark_Multipolygon": {
                "codename": "ForestPark",
                "fullname": "Лесопарковый зеленый пояс",
                "geometry": "polygon"
            },

            "EnvDanger_Multipoint": {
                "codename": "EnvDanger",
                "fullname": "Объекты накопленного вреда окружающей среде",
                "geometry": "point"
            },

            "Forest_Multipolygon": {
                "codename": "Forest",
                "fullname": "Леса",
                "geometry": "polygon"
            },

            "Hydro_Multipoint": {
                "codename": "Hydro",
                "fullname": "Поверхностные водные объекты (точечный)",
                "geometry": "point"
            },

            "Hydro_Multiline": {
                "codename": "Hydro",
                "fullname": "Поверхностные водные объекты (линейный)",
                "geometry": "linestring"
            },

            "Hydro_Multipolygon": {
                "codename": "Hydro",
                "fullname": "Поверхностные водные объекты (площадной)",
                "geometry": "polygon"
            },

            "TerritorialZone_Multipolygon": {
                "codename": "TerritorialZone",
                "fullname": "Территориальные зоны",
                "geometry": "polygon"
            }
        },

        "gisogd-layer-library-v1": {
            "ElementPlanningStructure_Multipolygon": {
                "codename": "ElementPlanningStructure",
                "fullname": "Вид элемента планировочной структуры",
                "geometry": "polygon"
            },

            "PublicTerritoryBorders_Multipolygon": {
                "codename": "PublicTerritoryBorders",
                "fullname": "Границы территории общего пользования",
                "geometry": "polygon"
            },

            "ConstructionZoneBorders_Multipolygon": {
                "codename": "ConstructionZoneBorders",
                "fullname": "Границы зон планируемого размещения ОКС, линейных объектов",
                "geometry": "polygon"
            },

            "RedLine_Multiline": {
                "codename": "RedLine",
                "fullname": "Красные линии",
                "geometry": "linestring"
            },

            "FormedLand_Multipolygon": {
                "codename": "FormedLand",
                "fullname": "Образуемый (изменяемый) земельный участок",
                "geometry": "polygon"
            },

            "IndentLine_Multiline":{
                "codename": "IndentLine",
                "fullname": "Линии отступа от красных линий",
                "geometry": "linestring"
            },

            "Easement_Multipolygon": {
                "codename": "Easement",
                "fullname": "Границы публичных сервитутов",
                "geometry": "polygon"
            },

            "TerZone_Multipolygon": {
                "codename": "TerZone",
                "fullname": "Территориальная зона",
                "geometry": "polygon"
            },

            "LandPlot_Multipolygon": {
                "codename": "LandPlot",
                "fullname": "Земельный участок",
                "geometry": "polygon"
            },

            "OKS_Multipolygon": {
                "codename": "OKS",
                "fullname": "Объект капитального строительства",
                "geometry": "polygon"
            }
        }
    }
}